taskid	dataset
d43f831a3d51456ba8f35b8857d9d4eb	MSV000084010
d5c6c4798fbf4ee1af041590b96279e1	MSV000084008
8b487f79d88045719398fab24db4a467	MSV000083956
17e9607822db4d73ae8963ec3e7c036e	MSV000083889
78b1010830434872a68d9462f94a615b	MSV000083888
02c04a25464a45ea8b60f2aed0d7bf0c	MSV000083849
3a28c3bfa1074e0996ce5082d80322a1	MSV000083835
cd571a1bc0d84e39a2c5b16c8df2312d	MSV000083825
45eb196e859b4056a20b463cff22358a	MSV000083815
dc69eb93411047459f6571c726a53f9b	MSV000083814
b8c1f3f24b0a43faad35c2e05e5357ea	MSV000083813
d454661073d74f3982f5d2881911cf9a	MSV000083812
b0f0cf1b6d044628ab47a3bce25e806f	MSV000083811
5266ed213214459290f527a436524f05	MSV000083810
b6096972f119485cb282dc84a707ab0e	MSV000083809
dc37e0587513496f90ef0d27cfb70493	MSV000083808
ac22426ac3dc43498254c8e2a5faef98	MSV000083789
68acd79bea074d1b891d918eeab5f780	MSV000083777
b02d013fd886409c919ba4bf8c8a0acb	MSV000083761
f46d38930e394c5880e5c1fd9b559d1a	MSV000083760
950ec004d59346478ef60daf0831cd5d	MSV000083759
bfcfa3e41bf84c5e86115368e6c554dc	MSV000083758
b1fb25e069de4aee94ab2f0449f52b8a	MSV000083757
61f659c17f3a4ff3bf589b37e7d0fbb4	MSV000083756
4fe9133414b54a3c878a5ea375a05234	MSV000083734
6c6a1e9590e84527ba806233163600ce	MSV000083729
06e19d953d6b4066a67b055c27e6f47a	MSV000083723
b83fe733cace4ce1b0add1cef6c3345c	MSV000083709
67afb7ea7c494cdfa8c1a846064678fc	MSV000083706
a8f749f65a5d40179b55a4d905820861	MSV000083705
295a5a8e7f0b419db9f6c7b521e97d41	MSV000083701
54bca00903354c63a4a12a821ac59600	MSV000083689
80947e3c42ad4861bd5c3e0e4fd4d281	MSV000083666
2732a81bc4ad42e3a6443ff73c08f0d6	MSV000083664
d77b9131c0f749c8b84495579b7bb7ec	MSV000083660
91fd2a43b6eb40cc89ba8b22e91b0225	MSV000083652
ec74e93df7d14a039e20214700640b5c	MSV000083651
1c71d302ce9b4cb89ff36ebad5d93bb9	MSV000083632
3bf2e8fd423742fb8449e02d29732501	MSV000083631
39ecc448e3f94471a559c56fcf78eeab	MSV000083612
7c3e1d56b3c542fbb35d67fc39457019	MSV000083611
3bba1b0dbeff4baa9c707e8f8032f255	MSV000083610
ac6de603d8554abb814f34b837de9661	MSV000083605
65a3cfafd12647d7a431fd14c112059a	MSV000083598
ed58ff142e3248ce968648a814b1c97a	MSV000083596
4076e629adad49efb3624e91142e95e2	MSV000083595
25822ea48c13424798204a9414a97ee9	MSV000083584
7cee890f05894d7f880cfa3fa8f797da	MSV000083578
da11295049714ee190e5e09f70ff17ae	MSV000083559
83b83662fc2847439eef64ce03e08ebf	MSV000083552
b0719f9fa79743ba852569835062b799	MSV000083543
5af8e3eb82b7443f901dc72f40d5950a	MSV000083541
e50c52c9984f4713ab670489ca4ff093	MSV000083540
378734bd8ee1494daa777711ece01f9f	MSV000083539
a65bb23c1baa492fab4b021327962b8f	MSV000083538
ad78884c7055470aaa8eeb5f0e35880a	MSV000083536
07ba52f1e3894fa687352c29809ec264	MSV000083535
e1cd0e350d694e5bbd11a8f164f080ce	MSV000083534
7da856c665ef4692afffd6442a77be9f	MSV000083533
e137be17d3cc4239aaa564100705e072	MSV000083532
0034952f667248428ed4873566a1e385	MSV000083531
7fa0f5b921c647fcbee29653a966a160	MSV000083530
96e1f3a565864b71b9a18cdad104380e	MSV000083529
e9ddba48ff1543039f4b1645d7e69d3c	MSV000083528
9775a2df5959453c8c25547586b9dd27	MSV000083527
b19def29902946fdb1e25f4c42ee44d2	MSV000083526
b150de30d7a8428f926da86b0a56d99e	MSV000083523
2cdc6a5eb9d442279b37e27d8725fe03	MSV000083522
79ae01d3e2364106b1b0c477e1b4bd60	MSV000083521
9031d1e8e6ba4482b0ed78e779b1c34d	MSV000083500
09728662e0ee433ca2302e2e8d40f87b	MSV000083483
65436dc20c9245b4a8b8c781b1130b7b	MSV000083482
113eb3bd9ff0431aa10d7505ec376df6	MSV000083481
398fc3a18cd14568bc833e76aa1aa951	MSV000083475
f9247955417e43cf87eda1b22cacbd47	MSV000083473
6797dea7925548ff9540f3b046a3b120	MSV000083472
50a8c6104efd4391a02c657048b22d30	MSV000083471
e8549654e8a045f8af6748db3da36a84	MSV000083470
51ee5abb99314aa280a6205f05295ab7	MSV000083469
c5ff24d1991c435c8113c3b42819a9d9	MSV000083463
94737794f2f345b6824c30edfdf0dc52	MSV000083462
efcd1a218e4946e098ad5216b5ddaee3	MSV000083449
b95d8c7f27a349e88bf0f42fc026528d	MSV000083446
d714b904235c4477a7df407bf7ef8415	MSV000083442
b493aed5e0ba4f7790b55e4c48678605	MSV000083441
74dd6d366ffe4663a1a53f61f3087c68	MSV000083440
29c0a2780a8a454d9e4ccca1e25e6b98	MSV000083437
38ec85431d1945818110ea3975f0a245	MSV000083436
dbcf921b3dc8486d94442e5d22a099fb	MSV000083432
055237d253cd4a3992ad04e557d50b87	MSV000083423
7f23f230feea440ab207ae7fb4207d24	MSV000083411
98541e53352e435f9988eb5ed24adb9a	MSV000083395
90c654c8231447b5b4efdf9f86a84909	MSV000083388
8465c07230b9452fb8550689c48bd316	MSV000083387
333817b70c8241f6bc0e3cd558cd4f5a	MSV000083383
8387f34b87944966937bda33544ebeeb	MSV000083381
8fffa4fcbf664a12b53c1b7b6cd136db	MSV000083378
ee88e780fff642308397c12828dc2936	MSV000083372
88a9efe3d8284b03b3bc6d884e2734b7	MSV000083365
3a4a70ee8ffb43fcb0471de2eb053d81	MSV000083359
5531dfea4c2f46caa7917c06d8d509a6	MSV000083357
7744a2303e664d4899080c9e61c74e9e	MSV000083353
efcdd4ffc5354874b397ff631e29a290	MSV000083351
2c44591da8944ab3b32aa0b9e6a50d9d	MSV000083320
5a9a061dbda8436e98b44a0319fcc588	MSV000083309
b0daac06f6f7453e83b5deb181ab1ab8	MSV000083306
7152608a29e54a3db94a8bf4c5cdad65	MSV000083302
4fbcc3a0388e4cf8991e56573c663196	MSV000083300
9fab62e1079f483cbc8a948a71a55da9	MSV000083297
956580a6858341d4a2cafa2e9d795308	MSV000083294
351220dcd71b40fdbe967d226bbdf404	MSV000083275
1fbd6af0453c43de8ab69d3364e79fb3	MSV000083274
0bf271a3758f410e91ff0a5586e4efe9	MSV000083272
8c5f629c63414b1e98e589cbe84064a4	MSV000083268
7e1b230fd3f24d5e9420804290fd7d05	MSV000083264
2bcd93a51cd94d5293927bd081708d9b	MSV000083263
7b0ee5f5468a4e34bf1b5befcd8c637b	MSV000083258
dec90f1a883848088b499a3b62f1d12f	MSV000083244
85c2d84766c84fe6abff56e45387c377	MSV000083243
9964d764de264054a8dbe4bd6ccfc6d4	MSV000083217
327f92b005224583bf37f3faa4d477a8	MSV000083216
5e9da3bf1f1b4bc681b446a8851b53a8	MSV000083215
737e911b10d34bbb89c96a9d766bb3bd	MSV000083197
fcd8716a122b431ca978d27af86ad8dc	MSV000083183
80b1e101ea7b4188b82b73564bf9f57b	MSV000083134
c6da4f135b3244f99f67441750c4105a	MSV000083131
05dbe8978f9b41b682609b4b82d56103	MSV000083118
7f8ace381b04491782bf238f4ecbd767	MSV000083110
c32b30c0dee6446d919aa6ebe98415be	MSV000083109
320097eeef714871b3bc74418522b34b	MSV000083106
08f0b2e23e914b66a71e34dbdd167311	MSV000083105
1d7015c6468d4d10bc4650647dfd6fdb	MSV000083098
86f630c0485a4d7eac4edf207765c143	MSV000083094
f5afa6b6f52b4e958c985caf579dd46f	MSV000083089
a7fdb4e0522d4c949bd4e8b5d7de3f0a	MSV000083087
5daf5987da2340eebf11db8ebab4c67a	MSV000083086
39bdf0be0b954da98f0fae3b8184ae44	MSV000083083
150dce90e9fc4571a633295017a1eb67	MSV000083082
8d0b740ccd474fb3aefd787f7b74a61f	MSV000083081
4a9809e99a84470aa40acfd1a1dc8f9f	MSV000083080
dfdc4dcde4f9477ba8ca7da6fec4db7a	MSV000083077
8725741235764887ac38a0654649bc52	MSV000083073
5e1fcd4ecb3944af979037bea1300a7d	MSV000083071
e2249b36ae7148d08007c2883a097306	MSV000083065
6d114a8ac0714d0695452fe35402a1f2	MSV000083049
a1d2222878774994843e4dd1d0b12385	MSV000083040
d74aeef24b644c68b918715320fe2ea8	MSV000083036
302cca9f2d764671ae4df97f284d1def	MSV000083032
e6e2e66de74f4bdbb7747e4f53a2b528	MSV000083024
a5866c4fb51443eb8e09b242f1316ded	MSV000083015
99bd2d36fa98452c8a75bb67a6e14606	MSV000083014
d2a8a46019794a5ca473f51cc0d010ec	MSV000083011
0251675fb86247a485cb07ae29290d78	MSV000083010
05ea68fba06f4002a2d05605607e4d6b	MSV000083004
58bcaaa47cfe43f89bf318465e855400	MSV000082999
28df81ae68264f8b91369f766b8e5be0	MSV000082989
388847f4ff7a4d96a0c46da0dea055ea	MSV000082986
4a96214711a6417e99be981694441e9f	MSV000082978
68db7e377a9244b6a3cc259c68d0cce2	MSV000082976
4dfb7c655dbd4c85814691f8d658dd97	MSV000082973
0e1ab3714d2448c7abbeae1393fc7c9e	MSV000082972
0dfd14e058334154a9de58b36a3968f5	MSV000082971
54685123f4fc4f61b135d8d6ca99943e	MSV000082969
31ca3fa485a34f39a535efa23b41e4a7	MSV000082967
eec67c194c7c46f787b7763abd5b9044	MSV000082963
9a0247087aa54e2e8ac7a3b28747af3b	MSV000082962
eaa5aedaf60148c2aa307339f9032c39	MSV000082960
2ff387d4dbab4d0a8375ea1b201c3896	MSV000082953
5596710495da40228b6e0d28c34fb5b1	MSV000082952
1ccab8d5c86041e6bb1c49010ea3eac3	MSV000082947
e830156806244b8f9431583b5e6bda5b	MSV000082945
2bda960b6d634402ad94fa7dc5c2b553	MSV000082944
b206ceb827c842c1a3edbef907d07be5	MSV000082936
d7fe7150d82e438b8536bfb164da58bf	MSV000082930
2fbdd51d819d4beeb2a76d70cda4b51f	MSV000082924
520458288bdd4386ae1e51e6a470be2c	MSV000082919
a0e996b283334418888cf5946fcdb858	MSV000082913
933705224cd0466f80a40f6d776c4620	MSV000082912
6dd8ce45c1be4e9c8b97bdeeddb078b1	MSV000082905
559f9baa77f34d5badcff2c0754e052f	MSV000082893
7c194d96ae5f4bc1bf31bef4514519a1	MSV000082891
0fd5c33383bd46c69941ba524619dc26	MSV000082869
1b3cde9ee1694a1bb804a8657c73a89e	MSV000082852
042c6f55aaf745b19da04ba191ab4aa7	MSV000082850
70dc5aa437fd4e158c88f1f4306f30bc	MSV000082831
ba492b9d68d24aad8732601ee19992f1	MSV000082821
08a2eb02fdc248868263321a1369bf57	MSV000082820
24a20a43a7ce470d82bce30c28c9b335	MSV000082813
182706678c994ffc91effd5c120a0fe4	MSV000082804
1fdbbf4005184fcca9f619efe7bc323b	MSV000082802
23fd4bd65d1f41088a4919bf050ce698	MSV000082797
2eb2ef17b99440dd9f218e4e07b7265c	MSV000082796
583ead80e0a7456cb7a404698e23130a	MSV000082795
4e6fc48f8e8c4db5bf2e06fed8d0d907	MSV000082794
28ab958325f244e189dccb9b00db7681	MSV000082793
061aa2d244a14588beed877d530b7195	MSV000082792
e91e7ac0094c4632916250945a52d852	MSV000082791
f9ceeea866634dfb8697d2ee6de1372b	MSV000082790
3ca6a31fabb348b4981ee6762d9ca9b7	MSV000082789
d5f86306952643128c76b4317018d81a	MSV000082788
9cf46e8201534b1cb4773b717ffdcf22	MSV000082787
3a03617ccd0846bc845fa9c931337847	MSV000082786
b4b37640b7d64f8a981372e2152c7f94	MSV000082785
da82e63202864a31897848b74ae9db30	MSV000082784
29998dd07f3c4c92b70090607cda324b	MSV000082783
a4a966d1db904bf396e7c7740b0d8158	MSV000082782
53fdf85fbd3243d1aa2f4b99c472bd6b	MSV000082781
131d594f12c14a8a8b94a22e35f771d6	MSV000082780
e3a9c01930244d6ea82bbd6739cd1aaf	MSV000082779
78430d16a10f4fe3a56f2f15574fe7f9	MSV000082778
3908b01a43cc420cab092758c705a030	MSV000082777
028065d2f8eb46969b2fcd65d7d596e4	MSV000082776
35853551aae142c8ad3f8372dde327d8	MSV000082775
5695474c705c45e58a7909cf9b38872f	MSV000082774
87342d52c1c241dc91451261244e07d6	MSV000082773
675cdb3fdb67444c817cc1ceb67af3c0	MSV000082772
e43d1c464eb049feac174874c32a5ee5	MSV000082771
955d4f1e98a9412d9f714a4e359ecf14	MSV000082770
72bb6ffd0ef54b49a4a815d89d7234bd	MSV000082769
bca6b0c68f1d4d7ea12196384eac9634	MSV000082768
01e94e83999e4e9da9d7a26b42a47d43	MSV000082767
8ba2e6c5e3974f3cb21882463635f6df	MSV000082766
4db2a4560f4a47888b8dfcb6763de149	MSV000082765
6e10d89336cd4a129569f380001fa1dd	MSV000082764
a005b5fa002247579008181d0f8cf03a	MSV000082763
ac09f56c4fee43158a18ee913e8be5c3	MSV000082762
e632bc947fb740b192422ea2031d479c	MSV000082761
0bf96e1fee7f4d2cad4a7aeea0da6e5e	MSV000082760
7f0078aedf6c4343bfb11c31576fa982	MSV000082759
e699f23aee084c2d969a67733eb6eb43	MSV000082758
9810fd1d10fd45e38738989e79cc6100	MSV000082757
b29eedb602214be0a0a05edc0fd4bdcf	MSV000082756
480a74212d6043589af63875fc719bd1	MSV000082744
44d2de63537c456984bb6b66404cda86	MSV000082743
36b1b7628de040ca950c9ae08336400b	MSV000082742
d01a2cd280cc43e29021256417f8e851	MSV000082741
d507203531294af78ab547799c419f8c	MSV000082740
f70d39d3bb58458a9affda444cb30ade	MSV000082739
faea2c59c16a4b23859546b1eb5c1f8e	MSV000082738
68ebd30dab6940e091104a2d6eaf722d	MSV000082737
ed0555bd6edc4ba2ae36f8cdac740a8c	MSV000082736
9c64522d6da0404fbce6d6334ca227aa	MSV000082735
663bb10704394d1fae2e13f46ac4d878	MSV000082734
3075d550640844d2a86a9eef3137125e	MSV000082733
6f580101add9455d991c93405f3a5857	MSV000082732
a2728a7cfab04abe908d0b5b06bd1f0f	MSV000082731
bdc88b07d1934e0c8b0a582d6670eb96	MSV000082730
a7d2d5a662044634b1428d18ec819cba	MSV000082729
fdde608b2f4344fab95bbdb3137c0e85	MSV000082728
7de8ce29e5d74fac9df5ade6f87622e5	MSV000082727
436d8eb7e34a4415a4623c6396ff784e	MSV000082726
951d85e169554ae994536f7968bbd6a3	MSV000082725
27833578e3c840388d457de17d824fcd	MSV000082724
9fb5b28cd7f14b38bea235454ccf0f10	MSV000082723
ca9b58989f7748f395ea609751f5bd79	MSV000082722
e3e3b57d4112491eac51459baf911be1	MSV000082721
a11382193e9646b4977741a107eae6d2	MSV000082720
9d4fa376e4124939a094d002e450e1a0	MSV000082719
2633bc6def5247aab30ecb8353042504	MSV000082718
0f40844c889e498da9b35ae9cdb7a862	MSV000082717
019d2ec895014433b839a7121e11c568	MSV000082716
a6d20b894d8d4929b2a5423ea5214f2f	MSV000082715
31c979a73f54487caffc395bbd06b820	MSV000082714
2959ab57577942be9f9ef0bcc28a3a71	MSV000082713
6c2be620ccfa4f61b0565c6717c579cf	MSV000082712
1dad8cdacc8e4d699306a47c27b17042	MSV000082711
600fa35560db4a50b00b4b5d349d1e6a	MSV000082710
05eb4e35b00b4a3696d0ce4338c85064	MSV000082709
0b5562de7e434922863c29ab61ff6df3	MSV000082708
4181039ed6dc4356a157da70556622e8	MSV000082707
d5614bf17b5043f3a59df99aad99c551	MSV000082706
6a567381a86c4b1a9713a9eec861a0b7	MSV000082705
40fd2be3e49c49a6b691f2da7e88f8b9	MSV000082704
92b55efc09254ddcae451c6d1f4d38db	MSV000082703
0a5e45369ae542f892c0ac9cdca844db	MSV000082702
aa8eebfdf3f545548e84570967a69c61	MSV000082701
d59fa0a672f144238e38640339311cb3	MSV000082700
c06850205ecb410785ba7a065e5ca43c	MSV000082699
e6521c1e9163400983d6fe459e73c51d	MSV000082698
4f5dfd6cb477409bb17eb1e3967d4054	MSV000082697
84a336b66c8744439febffc201ade6b5	MSV000082696
3a6e8d7253a448dfa010fba0da377468	MSV000082695
cd17db742a2e4d7fb5e4365d3d482867	MSV000082694
c36e00b1fc674ffcbbeedd9e78418851	MSV000082693
137507c327d94a0db0c7383e9effc0eb	MSV000082692
641d6b4351a8426b8bf42be9fbdddb36	MSV000082691
45177a2badd9450b8253376c083e97e3	MSV000082690
0259842ba9544f99ae14f51079793227	MSV000082689
315454a58973460c8b0d52de0949cdfd	MSV000082688
bbf8f4dbc2e64def837eaaa5dff3abc0	MSV000082687
7e816ff7a9a246baa9c7e176fb8ca846	MSV000082686
a696171f937147f3b94cdf3bcaeb1a44	MSV000082685
24f11c926653480ab18c60fa17be8a78	MSV000082684
ebf41a52bdc5462883a03b0caec77a1a	MSV000082683
7e455252b7cb4ab39766ba1e2a980eb2	MSV000082682
2154dda7f0df4ed29a5926de4d093d3e	MSV000082681
babf518ad04549ccbf42a5e02ccdeea6	MSV000082680
a8820e468c0d42369198e813f1d03309	MSV000082678
5764805cb8de4bb985f854fd3cd480c6	MSV000082674
35939bf7e3d74d9a858d9bc77e7bc653	MSV000082667
50b5612d0c17480b964d109688a8c618	MSV000082664
563de2d00a2e464084d3f61c360936a0	MSV000082662
249cb84bd0c24b258552ab53f57a6128	MSV000082661
7a5a0071224d47c581a0ce2bf4a1f4f1	MSV000082650
31da684dc80f47a592cb515c7623d021	MSV000082649
7d0871235413406987efca0759861034	MSV000082647
30472896ba84463f90d7683125fc9334	MSV000082643
6480725388134ddaa4d7304c0f9a5aa4	MSV000082641
ce259aa8ba7f4c3c8e4191a49eacada8	MSV000082636
50e4ec385e0544389862bb3a5982f6de	MSV000082635
a5dc7e833d454f84b6236f6750f1ffa3	MSV000082633
d00a347d3272468ab260baf67f8bef97	MSV000082630
f420315f4106490fb1df9def34eef914	MSV000082629
9c6615f3357c42118a2def88455ce60f	MSV000082622
37a1fa7dad3448fab5cff2b9939f7ac1	MSV000082610
491236890ef34933944ecc538eb62a69	MSV000082608
cb70bb425cc24048ad6058954b603183	MSV000082603
ae8416dbc1174cfbac149a9420a68548	MSV000082602
6399612201814708ae099956effef8c8	MSV000082600
6f6cd9d7326441208c2dbb4fb5dcec82	MSV000082582
969b34da2d484e7f8b224759f9e6e538	MSV000082557
b1f8b83467bf4aa7b241dcfad369908e	MSV000082556
d6fb0da1e24b4facad3b2d2ae1043bc6	MSV000082555
1cd5ddb4d5a74b3b8052246fe15d36b9	MSV000082554
6dbc468d9efc42fbac15a257c4fbf28d	MSV000082553
92b0ef5040b944cba725d52d4aa60106	MSV000082552
f59be570377c45738c21a338a0b4fcc6	MSV000082551
e48852b4f54a40299f9f80994f938831	MSV000082550
f2048abdaa214874a492615a53d85cee	MSV000082549
8f3098c64877467f9f244d562b60022b	MSV000082548
4bdc53e2ff8049ef80cf22305c1e824e	MSV000082547
8adc74d69b404cd7a6acad091b24c66a	MSV000082546
97c0724c51a24f7e96400a251095c9a4	MSV000082545
2754da0d63b3449eb80e6383973784e7	MSV000082544
0c1f0e083e8140989d2602865792c5a0	MSV000082542
fbdd20ab7e1247d9ada4fba956715169	MSV000082541
5cb5243882f04b3cb44d577492e8caf5	MSV000082540
aeb4cfa0335342d4892d337203578d14	MSV000082539
13d42eb4690749f5963d815245657ded	MSV000082538
4270a2ac8ccf4fd6b84b1d14de993e48	MSV000082537
aea374f984cb4d0bb794a2c3d333364c	MSV000082536
dd222b52a79f4e9ba19520ccd02d5294	MSV000082535
7f87a7ed003e4ee18293483568010014	MSV000082534
47bd3dccc5a24bad95118a6c714921c3	MSV000082533
87fdbb8facdd45499cdfb5ad8ebdfeb9	MSV000082532
20e3637e341a4228ad87da071c2cbd47	MSV000082531
57f9d3254fac48fb952add2ea75a209f	MSV000082530
07352755ee8f46a1aecdeabe991cc562	MSV000082529
5c3afd024e544c35be81ec99d5e84a0b	MSV000082528
c64acdec963144bd8021858054442109	MSV000082527
daf55548ab4e4b85be17d860fa6fa7a1	MSV000082526
1abfb79e265948a2a0c8cda63cb410d3	MSV000082525
e41540b22d9c4a5e86d00aec05813693	MSV000082524
ba650411029749f2bd37565bc3d545eb	MSV000082523
b4d507f258674b0c97bb1215164aa99d	MSV000082522
57c3aec8c04b4d36b9d4ccb5ca5b8258	MSV000082517
1293150c673e4a01b9355c5267d22cee	MSV000082511
2c1a382c74354185981ac22f1daa1dd3	MSV000082504
026e5f00af7b4a2d8f71cfe33fbc7fb2	MSV000082493
4e77a86dec304c7995588d3732159d15	MSV000082490
6954dbf0ae42489a9eddc4993ae9b746	MSV000082488
2b8c439404fe42d9b98066cd9a8c8d7a	MSV000082486
f96ab12fa37d475d920e6aef61046dd4	MSV000082485
63225d34e7a04b9cada4dcd750a3b928	MSV000082484
add23738464d47e78bf587ab7a639663	MSV000082481
2115ec5a295e4397884436cbc72accf3	MSV000082480
6eda885cc59b4663aa961b47ff9e42e5	MSV000082475
8d6378efb33c4009adbb87bf26a0e67d	MSV000082474
1a8dd91ab55b4dc1803d1248831293e0	MSV000082467
4c299f95f582402dbe9d7aee70eafdcf	MSV000082463
ece6cb2f0cad4f4f9a1da57e93d9275a	MSV000082453
53f620c745ca42bf90a9d6ba3ebc43dc	MSV000082433
52408c1616a64d9b96e3ae9dd544669b	MSV000082432
74cfbcfc3e4c422bacf2a262c1c6d68f	MSV000082431
372fcdce5c1e41f69a2d5b67caa4220a	MSV000082428
13706c6bfba04a26ac9be4e1ccdca8e5	MSV000082423
8530e38f1a08458e8a53217a4144cf7e	MSV000082406
5bfc95f85f1d45a7893f2f237b963ffa	MSV000082402
ee52e1fd41fc44088da63377dd9d7b5c	MSV000082391
d24a0a1f51734ebe9a1b37f1de4a4d79	MSV000082388
a4f279017ff14039838b8114e68f33ba	MSV000082387
939ab99ca6b84f669ba112e53e536213	MSV000082386
c13662f7ff0c4c34bb0d66712ccf4b3f	MSV000082385
6096a7cbd98c4bca83f70b7351461d8f	MSV000082384
626b09e9033f44f181b21a8b149dea7a	MSV000082383
af333aed49cf428bb943d5092b4219f1	MSV000082382
3dbfa41e26e449eca89a77a7f07a6e0c	MSV000082380
eafacb86237a426bb1852cf4d6afc3ce	MSV000082379
816436dfce5344d08842c71d76c28e00	MSV000082378
478367cac4d443978c6cb0849c82a361	MSV000082377
463920d19ee64348920f1388cbc45cc8	MSV000082374
2e6b267325a8439b83dc11d111920d23	MSV000082369
f2305d59ccc944678328536e03398242	MSV000082354
c7114185d9b24f76becf122e3d34abf6	MSV000082349
8fe7efb87a0c479aa32dfe7a7ff6ec6a	MSV000082348
449a022ecb8a4b8ab2c4636929cafc6e	MSV000082347
af681681df95460484782bbb988c9848	MSV000082346
66ee3abff19d4d92bfa903a1ed3ac49c	MSV000082345
a6e760291b94444c955e713cc039c185	MSV000082344
10e63dd298914d568cd03c4186b9f983	MSV000082343
f37a6548955d4b669e60b71c54dfdf5c	MSV000082336
136008e896b0435daf58ebc8a075c89f	MSV000082331
31ce51351e174cde8dfc2f16db24ecea	MSV000082325
6dc2a7cf8a3a41fbba9c6dfa510f2a6c	MSV000082324
eaf1ecf364a94f4286bfae057306c52d	MSV000082323
ac94500228dd49e18e6dea796cfcb8a6	MSV000082322
88b986a59c33461d88d522e7ec0876a9	MSV000082321
d34a357a6d5b42c29302be6aa14d4090	MSV000082312
bf060c3e32584856b0407a72569e21b2	MSV000082298
f23d037a27714d37a463e8a2f3a511a4	MSV000082295
0e3dff8b7c8d407390e139a47dfa3c08	MSV000082294
06c19f92c9284d8293de534ff0b99b1d	MSV000082285
80992acee59844b187ee7298b7f2c85b	MSV000082276
8d397f4bd1784e0a9cd9d8c0f7063fc3	MSV000082262
d600f000a89d40f5a084cf0713a0832c	MSV000082261
40dee5d415b34f4db52164999aa0ad4c	MSV000082230
15e9b8cb8e83470fa203a78ab6c582a7	MSV000082223
3d3615b407724d2aaa84e0dc3f976344	MSV000082221
1d0a6dba94fc4ce0b60e9b39b3c0807b	MSV000082220
23a67ff19eaa42c49614c01d301141a4	MSV000082182
df1c1303a0f3418fafee664bfd9fb526	MSV000082178
685a8aad93cf4eb6b63d2d02cc81ce09	MSV000082173
4c2fb0d1eef04b908e85de90249067be	MSV000082171
a974bedcc03942e58b1fb12625e0f19b	MSV000082157
4beb00201a4c4ba3870e587e9913870e	MSV000082156
6a42d6286d3b4188b9ec8765eee15183	MSV000082145
d1a5a04734e74ca494e61867ac5c1aaf	MSV000082142
f7a04aaaf7634afcbf62f56c2c5ac715	MSV000082131
d23528767fe94989b969f7ca622cd62b	MSV000082128
6bc38680e8fc473b86ff2aa69f87601e	MSV000082121
791ea6a0349d4b76aaf182519343dece	MSV000082109
0ad973a1800f47c481a6aabc6223fa94	MSV000082098
2b2379f91fbf4f919e00b174918c3250	MSV000082086
0286890dd06f43408ebfdfb9772c324f	MSV000082085
573bf561c49f4a119987a35d85e8c496	MSV000082084
a20e6169e9504c0e873ba90ffdde9c07	MSV000082083
5dcb26525f3846ae854e2caee9ce59e3	MSV000082082
d773374ace594c959bf2e045b48ad27f	MSV000082081
a6d0109e309841a8bdabaf8cb053a8c1	MSV000082075
8f7188341d104bddbc2af85f0b9302e9	MSV000082074
69c2042cecd3482a9db2aac68bab0bf7	MSV000082073
5b48fa7c879d43be80de50a7c02b7685	MSV000082072
210fc7d67e7645e39c138192148023a7	MSV000082071
138099c472ae4f63ac4c6d480b7c3b3d	MSV000082069
347bfe484777463d80e5fb2acd221060	MSV000082068
d6945e84454c4cdb95d45b492fd0df83	MSV000082062
61d0bc8f9fc74ea1a9139bc222656732	MSV000082049
17174833cfef4955990d59eb850dc7ba	MSV000082048
8633d9d991414a18986cd6b86e6b630f	MSV000082045
f91a8df4a0b6417dac3ea22ea4b12d12	MSV000082005
bea3d27c883545d2b23c368439630634	MSV000082000
89e3096dbb4c401b8bba5a11a2ca9762	MSV000081999
1a002ea899994eaf9e6784a433e39b1a	MSV000081981
dbe04c615ea14eba95e21ff45e6693e8	MSV000081960
9454a7946518457ab9877d71599632a9	MSV000081957
e3aadc8e491e45429338c83558f708d7	MSV000081955
75da7b5abb5646a7b1c4d410d93e1618	MSV000081952
3dfbd9986c454d7fbce6ded1f5fbc216	MSV000081950
c2bcdc08aa274740876183452c806916	MSV000081949
5fc7b68621b64eb1b5b1374329bc72a2	MSV000081946
dc3512e9a77b4864a48c154920eb7f7b	MSV000081936
36e862ebee7a4f5a80c671b7f89fbea6	MSV000081911
c350d573f72748c39cf1975e8a423a03	MSV000081908
fc882f10efe7474782aa2b5afcde5202	MSV000081894
68bf8accc1484462955fc195c12e689c	MSV000081893
66ae1a277bea47b38392062aee6a5285	MSV000081892
1eb82f85c1d24d52bc3331c722f54acd	MSV000081880
a39a6e2464a34025ada997ffb9b51a62	MSV000081879
61c0a886f67b4e75bccb02a9ef8ff7a4	MSV000081878
11b0cf779fa04674bafcce2e9cdb90a3	MSV000081877
e0de94230c4d48579df6aa196ede4fa9	MSV000081853
a5f6dc910fdc4642901abd36ea65e2d2	MSV000081851
79866c28d4964b0c8c2dad0fe0d5fe33	MSV000081850
993e818b2f3e4f45865da0e9a469b448	MSV000081849
d0f711012c4c41928270c6ffbcf34471	MSV000081848
099cbd9fdc274d77960d33c5ebfe79d2	MSV000081847
21ee81e1fc5f4074901d8a1f8561f240	MSV000081846
27e0a4cfded346199877a010fa194571	MSV000081845
b06d62664880406681730521868795dc	MSV000081844
a534a01a7f734bc4b083311a779ed658	MSV000081843
49c70fa25e03442fb941d1007e769e48	MSV000081842
4e883d1b64ee4582a727f2fff2400989	MSV000081834
cd3a13f29b9e4d5ea80202838cc97f93	MSV000081832
5cbd5bc9fed047fdafbae463a81b8108	MSV000081816
f35b3be493424fa49ccee5584797edc0	MSV000081810
ed35dba15d8e4c4d9f11451600821459	MSV000081808
3d45c0fb74df48c3afb93990cd99d43f	MSV000081804
b193455107db449db777e1ece381a8c5	MSV000081803
a6e9c85e48a34461ae7315acb4996a83	MSV000081802
f735e51f22aa4adba54274633672415c	MSV000081780
b8b6351e03d94db2b49bee8cca440f14	MSV000081778
2b258f781aa24a668f4cf584d4ccaaef	MSV000081777
1e0c284e3fbd45209e4bbca9cfb01e72	MSV000081753
d6527e8308f5412ca3f5b7f5265da23e	MSV000081752
17d0801cd25e4cb19d266551c606fe5e	MSV000081751
530e29ecb906477c86bb52bef6003f56	MSV000081750
cb12690b83254f33ac9e108bb970dd3a	MSV000081749
e170bd3885ed48a4b82bce590ed085bf	MSV000081748
80a039aa39b54e479c79cded500ebcca	MSV000081741
f8ca26baa34c4c73bc17a412920c7872	MSV000081731
2db51db2433b4f9bb47c4cdd32704cd3	MSV000081694
ab684b82c598450b8c528578be39a91e	MSV000081683
5b5cbd81f936476cb6c0c2f8c780cbde	MSV000081682
d1526fcf2e274fec821beda31067ceff	MSV000081681
a8fe0211199d4a63b0ed757abdd5f8c2	MSV000081679
3f78f71ae139494dabe854be242cddf7	MSV000081676
099889400ca646bfb8655904fabd9f7e	MSV000081675
e8b9b5bc88dd465ea15e1de86aa66f92	MSV000081673
8a4ac13d33864d7eb6f3ec164ae5db5f	MSV000081671
0fff671ebdd2449381b9556f8639e507	MSV000081670
da0ce1e561cc4474ade982fb804916db	MSV000081669
b47f2a16ca004fefb55c0b1a15f62d15	MSV000081666
86d1ff1cfd6d43c4aded701f371d6c24	MSV000081665
d6d41b48bcc643d68c2e4880c4ba14d2	MSV000081664
30c9b8d6c68144c48c2a373d097f936b	MSV000081659
89d4cb970a384094876c809a80f1d1d6	MSV000081657
e7d833c448da4052a3e9695ed68776e0	MSV000081655
db3dad093669492c89df77dad8bd820a	MSV000081637
34b4eee8c7fb44b0a7a6500ff9f63329	MSV000081627
94b9d54647e641c3a1c6a587cd2eb7cd	MSV000081626
57b9afd9e9ef4c9c97f50fa8e1339555	MSV000081583
6f723055c8ca42108016ac7641e0b05f	MSV000081582
8047858a432747f790903268db2d3736	MSV000081581
716f6e6e6db3430c9e4553cf46e86a66	MSV000081580
d5c73340dfc54bcd876301872cdd22d9	MSV000081575
1bdb0ca35f3d40f2bc8590f20d9166ab	MSV000081571
8532eed591a8432eb7f439f8c09c464e	MSV000081561
37b048c910b6476d839858471963eb14	MSV000081560
d1292f6704a44e5fa64e78c78b9e00c4	MSV000081559
c3e08a1a2d9e450c82b55a84446184a5	MSV000081558
6b28ee3a33644fd7801e9a05e8537bbf	MSV000081557
3a875e1e14994d158865fbe9a1353b9f	MSV000081555
2f259d9b62e4446dbf316579c2f11173	MSV000081548
aeb911a8513d46a391d81a9059d7b585	MSV000081544
907a410c91004661afdd5d1ba1da0a38	MSV000081542
f7eb7f073fea4d38949b056a01bec982	MSV000081530
c7f236bd08e24dabb3b469f46f5471be	MSV000081524
c91c721d49fb4fcbafbc5c7ba6e852a5	MSV000081516
383bb5c4f879499e9fc795580e279635	MSV000081515
89ffc069454540f88dc1fb392f88dbde	MSV000081513
901204f575724f5c9f38575c8192fe95	MSV000081508
bc32223a0ca84b3cbc409ccf90bf3967	MSV000081504
d44b7cec0754429ea195d3daf51d5aae	MSV000081502
55990cd4fa634be791e514afcad70650	MSV000081501
fcdf5119e1434cb5989f4a478bf34648	MSV000081492
01f1b144941c4bafaf1cd84b58b974eb	MSV000081487
d6b5022fd8df48bcb154c06623aa4dfa	MSV000081486
ac0564ac505d4d82932176e5df23a231	MSV000081482
aa635a28e533483b9d8d25cdb1f5964d	MSV000081477
7c9d5f417cd74b73a795b48b93325568	MSV000081475
4bc1ed73540a4863a2d7f6b078f74fed	MSV000081468
3ed22259204f484aa3a03a12127cfc80	MSV000081466
a12d2948349c46e8a85f699ad57f0745	MSV000081464
0f2a5faf00d34d8b963c3d159b55fe21	MSV000081463
408ed9bfe05d43a1b0f15e9b2b453128	MSV000081457
45a87cde20a94ca88b614a172cff1d75	MSV000081456
091567a02bd14bd3b7805b1d0fde1fc3	MSV000081451
55cdca3ef34f4a6e9e900ff49193a3c9	MSV000081438
94adf3e4d9304b9d84d6334b4f2a8134	MSV000081433
016bf1420b3446c1805d458525ca4601	MSV000081432
83a84e48b700499b8e30397cc2cb9974	MSV000081407
1f79fff5b6c04dd388806e327a69454a	MSV000081400
aac055072c9740c9b1c3eaaddda4c244	MSV000081388
d415b63e7db648f08eb550036992417a	MSV000081381
248c636389174d49a58ce21a0df191d9	MSV000081379
a3b464aca0064d13a480845d7e88f7f1	MSV000081378
15a2eb58961c4a3ca860528f8291154d	MSV000081366
571c13da70ff4ee8879ab08a4cf16371	MSV000081364
bb41ee7e436244e89ba4f5e5b31bd98d	MSV000081357
c8082ed7b2b54664bec60adf4af5ed6d	MSV000081354
781d2ed24c3b4e51b7e67e133238ab98	MSV000081351
d2693a3b9efe401d9528235d1ef4a542	MSV000081350
420083232f0647bf84e4d343c95ce944	MSV000081347
a5fa548d73924eb0b2c2603d4e94bc93	MSV000081346
571c07dc3a594a51aedacb065ecce9ec	MSV000081344
9629ee82e545454aa2b5c4b43003c48e	MSV000081343
f8f0d974236444ce88887af89d07f727	MSV000081340
fb9a2cff8eaf49b1a2dbce10af8203e6	MSV000081326
1b4720a2edbd4301aa04e8c5ff98ae2b	MSV000081290
b9fdb6346f5f424cbfa1bda9196770f5	MSV000081289
7e096638a3d0482fb85e5a1f5fc24aaf	MSV000081288
01f0031d82a54a1da53e19e2f16bf9d9	MSV000081287
d011ab51baaa484394b5b2518fc063ff	MSV000081284
6afd4e63b1ff4aafa2c3e5b18385e8a1	MSV000081216
a276106ccbd140ba861bcaf0dad125d7	MSV000081215
375e56c38eed4476a50ac13d2ec6672c	MSV000081212
d314ecae3e7347a4a90e2f742c8a1e3d	MSV000081208
dd23ab8ca713412e8f9179b1a9bd8677	MSV000081186
041a69fdf8c74f559c94f187da3900fd	MSV000081176
55dbcd017a244733b8c3a2aefb8fc90e	MSV000081172
bb2c32ece82b4279a668533636bb9572	MSV000081171
1674cbd0fc35416eaecac59018e115a5	MSV000081163
ce0c503b838049de948b9adb7a9ad6e7	MSV000081161
c209e7c5d9024341ab8c2dec3cec807c	MSV000081160
b1890cf9335e4dc482feee903e184ae6	MSV000081158
0299e234ff1e4dcaac987d51dad00df8	MSV000081152
4917f0a390674faa8a0b2f1fab9eb820	MSV000081151
cb9950e4d1a9449db3be62afe7704845	MSV000081150
fd972e1918294828b97c9aed5ab76713	MSV000081131
5db8cf505f57490e9be67bcda4abff8a	MSV000081123
07398ad4714341aabf6e49d1579a6543	MSV000081120
22a2f84a05fd43948d99d9681207b05b	MSV000081119
da51bf7df8304914b31b761e05cb4c7b	MSV000081118
c4708a4f92e645249b736b29510bdf84	MSV000081116
632cea18a6de4fa28998ea0823ec8bb9	MSV000081113
4f82fcfae9b94d438316606682c84811	MSV000081108
c562df26794c4e3587912128f5b56823	MSV000081107
63b79feb979b4f80974fc118b5501eb0	MSV000081099
2488c0e9a1ea4444b960c8a405bd71be	MSV000081098
8a977b9db2ab430fba056a328ca325f3	MSV000081097
b5161b401bd84cc4a847af4668ab3b42	MSV000081083
9824bed902a84781bd7c2c253a2eb66c	MSV000081082
01175997d9a347c68ba5e95148abf53f	MSV000081080
a7ecc2bd6fe646a499d984ba8aadaa89	MSV000081077
b91d65f8c18f471ca2ded0f65c659232	MSV000081068
30f471a63b284f9ab0fc6922faf2bd87	MSV000081067
f5b3f90a105a4b1f9b4c2d0025d8b77b	MSV000081065
4632230ffff4431f80815053c99b2b97	MSV000081064
084f4587f96545a3be6322cfa50880a5	MSV000081063
76ab4e32699d479eaf2a83c73b3a7657	MSV000081050
03d96e7cdee744e79a030a5268287c30	MSV000081049
733ef8f219e94aef93a0f2a89a7a6829	MSV000081048
cf0e8f9d90404d818ad325fe4b3cf58e	MSV000081045
5b16871040404b72bb42e8d1d505b151	MSV000081040
82145cdaebd14d5a9f1479a73b671d15	MSV000081039
4a240944ed594839958b397c2986d3f4	MSV000081038
a9d62d51b790449187590112f2bc618e	MSV000081030
a3aabc5c2845443c9a666dd43bd825ee	MSV000081029
4a58d23e4fd24a119266d301f7d3bdd1	MSV000081028
bde88a84f4ba423ba50743ff1bcbd24c	MSV000081027
43dfc7d94aca4502a10949412c4b10e6	MSV000081026
10d70627929243d194e7c6629527cfed	MSV000081025
2526205e331b49c395f47ac640c93796	MSV000081022
db85378a206c407385a0245d74316df5	MSV000081009
2131e02e07e0475f8f2d97e5d057589a	MSV000081008
541aa51fa1a4406c976f817417b41d69	MSV000081005
9d213947ac384372b4735511f4187544	MSV000080976
06dfda9656c6433ca8e95546edc5b864	MSV000080974
76e3d2adaced4ef1855b54a52d59174c	MSV000080970
48e9918afdef4651933745a25699357e	MSV000080965
65c48d87289d402c901621d26e97efe3	MSV000080963
0d881410920b42a385da2bad40cb0a94	MSV000080962
d19aed9a413b4964b48ee79ca0dbab1b	MSV000080961
1f581c4c0d1947f6a1c5e4a62bba72e1	MSV000080960
eab77c3cc87e479d9d5a2da26c316a8a	MSV000080958
dff4e290143f487a8ef189831045fab1	MSV000080957
6ce7a07c56b54e18acd48addee816426	MSV000080956
5a47758d1a5044efbf845a3c2450d779	MSV000080953
2d18e59e4b30461b86231682925d7fa9	MSV000080952
277b5cfe21714e57bd84c3b722d22ad9	MSV000080951
e11178221da341d5b82b7b888acf1763	MSV000080950
224a88279caa4dc5adbe29874c3a1635	MSV000080949
968ee708fde1414b91dab139ad46f9b5	MSV000080948
85bd339b138e42bd9310e0b7e4f47afa	MSV000080947
f5ee59953c06499f8a004ca4697f8dbe	MSV000080946
1d3637a16a6548659a9ca9de16caa347	MSV000080944
7ac478d253574e44836c58e3ee8f5790	MSV000080933
825a30a792b940ba8da8e10ea0cbdb3d	MSV000080931
e6bd76ba74514737a9810a0cc03a2f5a	MSV000080930
162be96be7234cbf8688af492ce3516e	MSV000080929
dc1307dad4c943d2a756148526e6c47a	MSV000080928
fcbe92b71d9942ec8324977462a26845	MSV000080927
1f06b7853b194b5791a14f289bf07a40	MSV000080922
501ade6ee151400083c36de3fd6074f7	MSV000080918
cc284b4fe78f4d60a3ab7ceaf84fd2e9	MSV000080916
b99c35b69a65419fb3242af6f88299fd	MSV000080912
25f745b3c9d24ee89322c4d22a8ef811	MSV000080905
858d44198e5d4e67a69c8c9eac3fe5c1	MSV000080903
96f6685ce2d640399c6ae52df6e918d7	MSV000080902
357f022c35cf4f6093a05afbf1745506	MSV000080899
e34479e78da64007b87254ed58442e92	MSV000080898
dda1ae53f7cf481991c9e7c7528d90d6	MSV000080897
dfb3c42b919840baacbe557a8a86ec34	MSV000080896
507e16d1b14f40e2b62b4d6f625e06f7	MSV000080895
b327d42487ad4f25b54dd10d9e5f0885	MSV000080673
e8bac6bf4d9f42c0a5465265f89a6c83	MSV000080655
3d2595b3af3047cbab8641e392543839	MSV000080649
b5be1a973de64a019def8e23c87954c0	MSV000080632
3b6ee5b0300943428eec64a211e4ff95	MSV000080630
dda363a5395143e6b66f5185652aa6d2	MSV000080629
28bdb385c448442c98344a70798f213e	MSV000080628
6e226ba2bfb3413898fa271699504ccb	MSV000080627
98a69b3c890849f89b0112604c7e17d7	MSV000080626
9553eabef1a24a2b88ff401b0ad01b9b	MSV000080616
50c21bd8504c4c5f8272a1346956c67b	MSV000080612
dc387c99fea243bab13585fddecdaebc	MSV000080611
abebfd30ab164d4c90da5d6c84b4b2ce	MSV000080606
421b6dde235d4ed2a5dd606d9135b77c	MSV000080605
dafdd5d1d9ff41e993666b1d50f2bd70	MSV000080604
73c8bfca836d45d4a4a324212a3e335a	MSV000080597
9828994a768b410ab14505e52fbeb23d	MSV000080574
c1aba235aae74fd9975fe2f02f9f8467	MSV000080572
2b814c543ad44e819f8d0c8dc2bb6209	MSV000080559
80adb47a696b44aea6301a97b19faf93	MSV000080558
5238ae3a8cd74861bb4f6e63210f7130	MSV000080557
787b39f208fe4275bff402c653395bfd	MSV000080556
5c510b9b8bef4a569de5b341b60b353c	MSV000080555
29dccc50133d44a8b02ac6fdf1ab472a	MSV000080554
7b9714387e2047c59f70c17b5e49d5b0	MSV000080553
f46960b0a1ab4eb5bf7afe2b522cbbf4	MSV000080540
5ad9f93722074e76940302139695a889	MSV000080533
72bdbf587f544f3aa3db0d2826d44e4c	MSV000080518
f44b061d712c4a5685760522a594df11	MSV000080507
2268d8a2bf8041d9a688c4cdb47e1b16	MSV000080502
5d3c819727e3424698800eeb08ef3a6a	MSV000080501
9faf5a18825940a7ae6df7e78a5647c4	MSV000080500
f124caf8a5b740b7bd7cfc3ba4ed4b61	MSV000080492
1ccb1df15bcf46299e454c9547e8bfc2	MSV000080490
ec85ddcdad23480f928ba17be2aeaebb	MSV000080473
0d8ce7155e5347d1b17420f374d865f2	MSV000080469
a99d44d3e0fc482abdadc8f168c42391	MSV000080464
7ef64f7fa84e4b13a1cc08c4c8cdd00e	MSV000080450
87ac6e8a9fa448f9bf087c8f26933044	MSV000080444
1abbae6612b34513bce5f948206a4a55	MSV000080443
f9151d07082e4a59a1bad12eccb840d6	MSV000080442
2aab9ee1b81842148b9971257315cf9d	MSV000080427
78dae4b9616a40b7b6d1286c769a1697	MSV000080397
ff4320431c874e688b75787bedf2c3f8	MSV000080377
a9198380a3eb4b2e8075a8ed431574b5	MSV000080337
dbb65f780cac4d72bfdf1d67c8dc7d7a	MSV000080335
9d11cb156344473facbc81a183588727	MSV000080299
6eee7f92d92d413abdb2a3e1ea07d434	MSV000080292
342ecb71f436460b862e98f03edfdb3f	MSV000080291
19e827c854d941fba1998299bfd45401	MSV000080290
7c9fdcf9554c49c0b3ae8db738440588	MSV000080289
1524a6d993df4a92acb814acdecaa341	MSV000080288
fdc14a173287470da4fd84fb4b7508d5	MSV000080287
d451e47f774941d2b0f9dd53c97ad54e	MSV000080286
0429551879eb4621b0dc08a62fcd75c3	MSV000080285
2bc771bbad644a46818e4f5d55f70730	MSV000080284
9d7dcc333a6e4f06b4fdd8ddfda4407a	MSV000080251
f494c2afaaa74b289f5c4f60de905a98	MSV000080243
afed22af34874050b6bce9524f1cc1f8	MSV000080242
fccd1b4bcc10479eb78434c4441ffcee	MSV000080241
8b5d813413674e5eb74db6e0e5a4e289	MSV000080240
c3046f00843848908c8c1ec095dc3d61	MSV000080214
7f1dada29bcc451682267da5d3ad273d	MSV000080188
1c20dff2ac25414cb16a1f532beb23d1	MSV000080187
34b69ccf01bf4254b87833d8a19a0d98	MSV000080186
03927293c3e741028f2b390848f81828	MSV000080183
b7fcc5bfc2e9438fb32dba21e55b035e	MSV000080182
a410b6542e4f428aaf56f24f445bdec6	MSV000080181
66a669274fbc48878537d386be338d54	MSV000080180
7383369650304764b84c58c085d43f10	MSV000080179
02563c9cc19b401b9f696d15fb63a5f7	MSV000080178
25aaf5539b0a42b2a4153b8508771723	MSV000080177
7551e11eb833411da32c07c2d2da60aa	MSV000080176
b77935dd7d7f46538eab16d687dbd594	MSV000080174
b87b007837d5485ea09f7bb66d0df888	MSV000080167
ba2d7982a11d49b29fee42bf3c28ae41	MSV000080142
442c355a9df645808e877a195402f52d	MSV000080141
99b1fa4b3996476dafb9af0abb73f218	MSV000080117
892598f8b6a643a7a08e2ab952c1a149	MSV000080116
c1dc8109d52b4ff98ea7c12fcc8a574c	MSV000080115
845ce88fa4da435396296974decaab24	MSV000080113
9d15e9f7519440489ecbd37ebe35111f	MSV000080102
053a593e41254f7799e3fc76353ab569	MSV000080074
3cc268dc70864b67b2d1fce3b6a565e3	MSV000080071
ce515f2bfe2d43c39ca1b4cb1004d8c3	MSV000080055
8666f7b5fe3c43a890189f2eaa6d0608	MSV000080050
1940fd63221546679172d8b65eba0635	MSV000080045
46e25b5408d0432893e2759f032c69d2	MSV000080031
f137a7d041524707a511d990cfbaa6bc	MSV000080030
c02b7b70f2c24e8e99b623f1a978db7a	MSV000080016
550b2ca34be94577b52c6f560bfc9b28	MSV000080015
a14a639be71d49618a77369d9473d8f3	MSV000080000
c9cf54a204cc48519859c60933445f9f	MSV000079949
0b8c3d5b5d344dce83e0c321e9b3b80a	MSV000079922
9a899ab5854a4888bf643bfadd512508	MSV000079900
66ac50fe78864fe38ffef85b1ff86154	MSV000079888
46af606df8fb4672abf7df8afadae270	MSV000079856
7350d8b4cead44bf942569515d8ef822	MSV000079839
59204154e2864d99afb89df0f7f6a4b7	MSV000079838
63fbb047e8254bc1b88b47fcc7c65ef3	MSV000079825
971dc9d3122641f38f539e51f06da16a	MSV000079820
226b2f17e2604076ada0a62eecb42101	MSV000079819
d506dfca52f04fb6b4bdcb474457a97b	MSV000079813
28addb65923c488cb87ea9450187bd4b	MSV000079808
bab1e687b61c4f6aa7c59dde42f911b8	MSV000079788
4d9e13d9a87249b4bb5e2f04a294e95b	MSV000079787
485d1bf19eec44c9aea12d0f955467e4	MSV000079778
364988cdf54649b58247269369a12507	MSV000079777
48278c623b97457b8a4a2bb479434ad4	MSV000079773
72739df259a44b299eab2e1b753bbb39	MSV000079772
e047593771304250be81cddb4e251eba	MSV000079720
761abaf7fa0440fc844edf159beaddee	MSV000079719
29d571c4f4eb42988085e363b180b87e	MSV000079718
a5fddd6593bc413aadad0f408379ef2b	MSV000079717
aaf60ee4230f4acb969e24906222c9a3	MSV000079714
d606417d6fbc4e878e7b71abb429a840	MSV000079712
09dc60457f18422ebc2d7e7252aa9eb1	MSV000079710
7ffa0e37a724475eb48d6f28fd830845	MSV000079709
7a67eda21a994eba99d15b3ed3cf5c82	MSV000079707
202f1df5ed884fa5a7d33895b032b708	MSV000079706
297e27b0839741aaae473573cbb64a99	MSV000079697
7c5ddbbb29b341788e719ecff6f0ff1a	MSV000079680
6796a8c384ee4133bb7d27ff2584dd66	MSV000079679
5413c181bd4243ce8f64b8de4e7e76df	MSV000079677
eb10dd9812444387a346c553243abb65	MSV000079652
6436e96e7afc490da46ee2c5c919f9bd	MSV000079651
9a1febb179a6435cb479737fe2e0906c	MSV000079635
d23bf665f9324d6db3920cde0833e1aa	MSV000079633
d0a85b26987f436288a44eb4118008fd	MSV000079630
fb50264b5c84442e8ddc5830d3b932ae	MSV000079628
03df05c5056e485da6cdf703969c2d67	MSV000079627
26cc04d4e20747a2985f3c02019a21d7	MSV000079622
0e662f47e925459eb054a0015a444b13	MSV000079621
eeb4e191402e44b9bedc3c8a0c7beb0f	MSV000079620
5cbe309ddf9c4a609d99566b74e9ce97	MSV000079619
d9c252c9535949e099ea2a69224eef57	MSV000079618
6034cf0fefad4748b23163d7cbdd09c4	MSV000079615
761c40d709a243678aacbdfdee034851	MSV000079601
cb9d01c178414f1f8061a49e3d715c78	MSV000079598
ac6742ad11d1499792a40fb062e47da7	MSV000079581
bdd8a5f035674f15b0c8d8ed02f0b1ca	MSV000079575
b8b7336157934a93974451f8c2c116ca	MSV000079568
a4d6147c41c145508c2fa90c6960bf96	MSV000079558
cb449740607e476e9dcc50e57f66c5fe	MSV000079542
c710b0d21b5f4f9c8765cb1c08856f79	MSV000079531
85a9943f03ef451488d8138460c5d50b	MSV000079523
4f209e5106f34a099994766a87d9be57	MSV000079521
0e9c314681694ee59d721c1ce4032b4d	MSV000079520
0844ba40f6e94c5d924f3723b3ebd164	MSV000079519
c0b82b770ad14df79cc8dfd0bea19d9c	MSV000079518
6ca5a8f6d9e04b03842549605357ad8d	MSV000079517
802a720ffcb74bb1afb1c624fe41d64d	MSV000079516
76cd1645c7c742c1ad1066de06792678	MSV000079506
be8f0c71e9c941198bc3b974a1199fce	MSV000079503
d4f53a0664d24cda96ecafa50004559b	MSV000079502
27495f051c0d4f28b6fe1df67c8edce1	MSV000079497
e8b89a8a44ae428387337ac70ddd5b0f	MSV000079494
bf19a4abbe0d4a2cb446d08d5a7d2b5e	MSV000079485
bc57b20207f4470c8a85c86360cc2a71	MSV000079484
83480b1ebd344a289e081531f75cb9c5	MSV000079481
b4e801efc48b4c6aa547b2a00b180cb6	MSV000079479
593caf563c3c46188ebfa7de0bb22bdc	MSV000079478
6ae1254ba4e147339aacf227f5d6bc15	MSV000079477
f228c9b4c8b740fdad3cc3e98e6063a3	MSV000079476
eaaf701c544c4617bf8acb2d9bb0983c	MSV000079475
6480b7d264b4439aabf680633ba214b6	MSV000079474
7ec71889ddab420d90804c12f2faf770	MSV000079473
69938fdc16c14afaae16df6e4b3b45c6	MSV000079472
f3b22f53dc664951b1ce5b7ad8b6cf34	MSV000079471
30ece59b2a1940269105da5484b41b51	MSV000079467
bea577cdd0854778a655511916a1d865	MSV000079465
574cd730946b45b6a05163514f8edfce	MSV000079462
20e374a3d5e34a42a09a1215e8853782	MSV000079450
527b80be2fe24b9da7fc47cbf68674b5	MSV000079448
995147cfa0a14fe4a8dee98a825d5642	MSV000079447
2ed69d499b124977bb2c759de3421547	MSV000079446
ddbf6decfed24c689b7ec5e6fcadae36	MSV000079444
3a71e36d5a31444693cb8e7dad5c4712	MSV000079443
2cce5e44bdba4f22a3bdfdc06fd61d2d	MSV000079433
626faef43c7d408182f3be3788b32a26	MSV000079432
5919e16eea8a4e55b444b22af6313c9b	MSV000079431
a17e6815342e4fc1bd97ca4aea729df9	MSV000079430
283f5aee7b9246a3b6a7baab725ad76a	MSV000079421
243d7b6a5867450280e2b06e59145757	MSV000079416
f50e8a7720894eb6b589a8df2d9d755f	MSV000079411
c0295e141d5242598f54953e4b17ccbc	MSV000079403
7cd87fde2f5b467599126ac098e1b4f0	MSV000079398
cfaa15c7ced54402813753a83c250d01	MSV000079389
d12b390a949e4e61b42fb4f565fa01da	MSV000079385
4038a9f3f6c643ee8e85f1a2cfff744d	MSV000079384
d7e0270317b34c13837f49789bb04f22	MSV000079375
909a057df8a04fa79f2b7a80ad25129e	MSV000079374
2775fa76a8044629b2c1de09f7d0c0fb	MSV000079356
a288fd3a88a740bfa3801edfe1f2771c	MSV000079344
f1dd0acc70a94af1846f8841db1789a4	MSV000079341
f9e5d3fe672f49daa916a394e3448ff6	MSV000079339
19b2b4ac3aa24c45a0259f67eb9bd0b5	MSV000079329
f97740d0030d40d99b3850f0bd65cbe8	MSV000079320
7c047c65bbf64303b3399a11222cf87d	MSV000079312
a8ead65098e34c2ebfda104fa2944176	MSV000079284
1ce8d2f941c547bba08dc1564f907136	MSV000079279
197fc213fabb402985a5cc694f209e7a	MSV000079274
24d1c31e734f4a7b9ec95c1039372633	MSV000079243
4a9c5eb04ce249338751cb5fd066b41d	MSV000079204
06cd831488c640aba7373784040d68c5	MSV000079181
543a486ea99f442cad43df47ac1d5861	MSV000079180
873f99de5cba4e3f8e4c7e5a2f0aa584	MSV000079158
1e8c65d5802b45c28f1fd875b4203731	MSV000079151
cae3b963ecfe449b9b2722bf366b5943	MSV000079150
aaa2cf9be4bf4aff978bd829917cbd15	MSV000079146
43f5ea9ebd59494ea7535ae24756f7e8	MSV000079140
295eeca751204d06ad1d3866702ba83b	MSV000079139
0e40a49915c3425a82ba3890b9206835	MSV000079135
e050511d447c4a6cb9574056004d8400	MSV000079134
4aefdf79977c46aa95139c13dc00f3fb	MSV000079130
1b173ee601eb4df1973a4985b7596521	MSV000079124
e95e12b5b0d5460fa6486e361b1e82a5	MSV000079122
e371638091044d909376902bd885d049	MSV000079120
6be22c5d41264b619c7c7096c7fd181e	MSV000079119
602c595ebc8f45489dac0b421c24c990	MSV000079115
a861f3ab3ed245baa4b189178f68e7fe	MSV000079113
ba2a0daf98c2428796944d2397df56b5	MSV000079105
580a4b7883114a0886c50b9c72ff0039	MSV000079104
ce2f2976b99547aa9e8514edb0724306	MSV000079102
a938197e31354a10a999822a6a30de3c	MSV000079099
56d7bfb313db41a4a45be653f581a87d	MSV000079098
e39e7d686083465382cd4f9f1f5d70d6	MSV000079091
85c24c5b2a004d43bd82e4b83c9de1a4	MSV000079089
473b65c651e04a3595d59f22abdbb74f	MSV000079069
dced5c42a256487caa4b7cc7f6a8d1a8	MSV000079054
d357ca50b6bd4bd58dbedf134362d6c4	MSV000079052
fce2e80d15dc49748a1298c2c30d79a1	MSV000079050
e9ee7dfc2f1c45509f9847579c3ab0ef	MSV000079048
1e970f5529f64fb1b00dc01f7e0c1e32	MSV000079044
39961c8aa0d645e794bd681bae3369cd	MSV000079040
a99c51d9bb7141b2bbf8f8b27c7f53d5	MSV000079034
a8d03a065bbe4ee2ab2448eb804195c0	MSV000079029
a0b38e237d09457296e8969fb9b9f5ce	MSV000079015
7735016f7b6b44318d78cc35ee702205	MSV000078995
6a67db70398a421d9316e85d46eb3486	MSV000078993
0363a05d7ad347f1b42b2bff81fcf7af	MSV000078992
6b1b16fe22a24444930f0d67ece0536e	MSV000078990
fa3f1865af9e4fd4bf07c291eaa7252c	MSV000078982
71a894a564d246a9a65266caf80df0bb	MSV000078964
a97d39805494482892ef698acfdc6744	MSV000078960
dd20c895f7624af599fc11d1ba640400	MSV000078948
ea5f6e700e0441059a9165d17fb12ba4	MSV000078947
8aa558a079a24068b66686947f4eff04	MSV000078945
4ebef911ed5848e78c3407304cd0efc1	MSV000078941
8ceeb6f47cd0491a98cb97a5eb7c31b2	MSV000078938
c2091bfa89454921a4867f3c5259a245	MSV000078937
4ed73ffa148b4d9080fbdd436a55407e	MSV000078936
a30e90846c8e4db68ef15efcc2f46399	MSV000078935
8f4d37135cc14928bd0f937e0b2d3064	MSV000078934
ef7f9c49f3e44b31a5e50611b38aaeea	MSV000078932
cfaa4a15ae694666b97ab979771732e1	MSV000078931
d6723ea224cd4f49be816a7643fc8ec9	MSV000078929
7bb0705ebbf0432e959325a73d73517e	MSV000078925
83b8562348e24c2e8947ca1c307fb597	MSV000078924
8e9dfe7f0c3b4d25bcf022aaa1c28b9c	MSV000078923
8c6e4260a4c04a698a4e24aeccf4fbdb	MSV000078922
150a71be263649d09f5bb0cfc5263777	MSV000078920
cf3ad7c33a7748479e3b3f3bb793d34c	MSV000078917
26fb444d937d4f17a11ea0e67b0113a5	MSV000078903
83bca3c1e3e7438b926616de89b9e9e6	MSV000078900
ab090c9209714a1aa93d67c387c14b16	MSV000078899
e7c9290b872e4a1dae25efc1e9648f68	MSV000078894
ac11b97c0ef04f18b1c51aec2af9276d	MSV000078892
392e4b9fe815428eb88ae438e9dab0f5	MSV000078891
726f4f716968412db63b186be7d5c5c6	MSV000078889
efff16847cc34851bb186e334de0e22d	MSV000078881
7a5a3e4389c64aa0814602a94dd69011	MSV000078880
6a73a7290fe241dc884b259d1db7569f	MSV000078879
42d50d5d488c4079a5e0206fecf8d5b4	MSV000078870
22b0289a339140a18f7b43f55b81ea86	MSV000078860
93a7462185fb49a98a662a3ddcd8bc65	MSV000078859
f1df6597e6d84233a1e2805e5e97bc9d	MSV000078857
88c099028e3f42eabb1f556167e3f1f5	MSV000078856
60da5cc1a1224594ab7f395f8edc2481	MSV000078855
6bb16eb36b91464ab2047c57b5d8fa8a	MSV000078854
20668f0db29542d883b0e1e9075c9f6b	MSV000078853
e80ba375a0644e52b80d28352bdbb47a	MSV000078850
3572d11049dc4bef90673a229059667c	MSV000078847
06ca142223ef4157a6672138f9addc97	MSV000078839
1a66c10bd30e4934b20c3fdf1ecc7325	MSV000078837
04c13e4804914f408a237adfc00f9c36	MSV000078836
cde3f318be474d9782084a72eaba5647	MSV000078835
d55d7d25bb6c47deaaccdc909f9c00ee	MSV000078833
8011aeb003aa4f2dabf38cd61953b43d	MSV000078832
c0e4be330756432295648071a0e44b4e	MSV000078830
0966a142dd584822885893aafa869c7b	MSV000078818
23eb54d8ec9b47b39767838e75f57525	MSV000078817
78d26a573ca14f7f91f3b632a7ebbe1f	MSV000078816
60d1c3749d344e3c9f547af6c53ad767	MSV000078812
febd7746b6164b7eb081c57822e9f1fb	MSV000078811
16cf9c4228bb486a95c2d31c5b4fc757	MSV000078805
c585194b6d3646d182cde9b68f0d7b31	MSV000078803
67332dcc52f04eb0a7fb2c8c5737b5a5	MSV000078801
4abadc53314f4b0d8e6c778c1c082237	MSV000078797
e726655843b944249c617f26d3fa65e2	MSV000078789
4d54c31e9a944298b63135ba50fc0a87	MSV000078787
689f53ba03034e92a70c9d0ad027a98f	MSV000078784
e460dd6147bb45f4bc688943c4cda8c7	MSV000078781
95f5b87e98784c34917fce961dd58a44	MSV000078780
2e18386c7fe947c8bcd54bdad78868d2	MSV000078776
0d2a0998f15c4fe3a09ea943c40b8984	MSV000078770
9b1585b3409c4d58b24654b1138688d4	MSV000078769
3dcf24a9822e4e5d8d499d90c7ff0342	MSV000078768
db5956a20fe046bdb477625022e5e156	MSV000078744
3650722bcb8644dfb11c734c4dd4d975	MSV000078738
446c44d100624d8c8ee3344e713c76f8	MSV000078727
17187338cdeb4d7089de8e88a3663269	MSV000078726
243320b4ac6743079db18ed5ddbc8e80	MSV000078719
638a90df52744fdf9e12243464633540	MSV000078717
16ba95ede7b94912accf8ae3bce1c7ed	MSV000078716
3e191ec99a9b4e0690849d865a4e4406	MSV000078715
eb7ca56d4b014e7aa1be18588d70d6b0	MSV000078714
8c39dfcd89b841849e2c90bc1c4d9520	MSV000078713
169f71a62c4a44d5a8bc5428aa33fb78	MSV000078712
94fca1260f534fe6a98f026e2c795ca4	MSV000078711
cf70b06f48ed48b58708ecc88ec45cf4	MSV000078710
fa61d75331e7405ea768d0974e83876c	MSV000078709
67729777cc314f498e2280b0f18e9cfe	MSV000078708
670f317949a947f3bc9a487a68db0651	MSV000078706
5faf7c20c861459d988745e6a3c62ab2	MSV000078705
447d420e9b53473bbf872267c33244d1	MSV000078704
46d299cda0074ef7b985e0a68e0eb6a1	MSV000078703
97b31bb5bed24c3f96073dd136e5d0b6	MSV000078702
6b8684ed77dd44a3827461a6d7e471e1	MSV000078701
b36f0fff92654c90a2351b81f9a21634	MSV000078700
a1208e9c7c0d4e92b0ef644837ba7f99	MSV000078699
153fd34ab4ad4414b8da4d04b94870c0	MSV000078698
76fc51e3a9ae4686ad7b1b6661eb4ea6	MSV000078697
42ff88756d4740fbb28b4990353e76b6	MSV000078696
4ba4621ab31a4fc0b8fd76cd5adcb12e	MSV000078695
cb4c4634d9514f1388934fc6763a1ef9	MSV000078694
8ed2d123f3de4a88be9378a128d78024	MSV000078688
5a43cd576e6f4ddb8949e3b4c45d2d82	MSV000078686
0a3edbbe74fd4d5183145e98bad6aff4	MSV000078685
4ef838fadf4d413189c955df50a3f38e	MSV000078683
157e966c090f46b582a954353894f1ae	MSV000078682
0db1b2f52d7c49f485422f91b2b3c9cb	MSV000078681
8840b3dd182c4b089c2bc17fb970f63e	MSV000078680
1708424856e94f8ab3a453c1d4bf2c30	MSV000078679
3e174614a53143269d64ab2035c8be96	MSV000078678
d802b4ebe3d14434b37e8d6ed03a7b24	MSV000078677
b1fc9de1c48a4e488a9d78222d6bf8ee	MSV000078676
c2cdfb84f5fe452fb9c42f0a95c2a426	MSV000078675
b653faf5cce146b6b3e71663fadc7234	MSV000078674
c11d7fbee9904348b8b3efb32bf51183	MSV000078672
dcd9f854591441c8a21af3de2251a507	MSV000078671
c8835901466f48a1b690dfb855329579	MSV000078670
c15cd935fbc34b059619b8be07b11fee	MSV000078669
0a6746f70c234fc78a7c70eea3e959d9	MSV000078668
a915bde6eda64b5b935050e5a99e0a6a	MSV000078666
4d6d64cf9d5544ca825f8fb6ecbabc70	MSV000078665
e2b47b2e647243b4b323307ad54c3558	MSV000078664
16a3ade25e9c43c681e9985310f23d38	MSV000078663
e4f4db3cfddf484d91b7d5effb10730c	MSV000078662
d512330fea744915aa1926e7404398a1	MSV000078661
61c9200bd2e14d01a7fd2bca62c7d981	MSV000078658
698118a8e6fa440692b2ebd57d2ac51b	MSV000078657
fae17618de214badaf957721f77949ab	MSV000078656
eb21d6ee92df4cf890bf30ebf0f7bc3d	MSV000078655
eccf74d3b8eb4c9a873723ac50bb0beb	MSV000078654
5e29aab485264a7a853ff6111e99609c	MSV000078653
61130fd39bca477696dd304d9b7c964f	MSV000078651
0ae5d5d1adcb4780bf58c9b8635391a0	MSV000078649
2e7f81b5a020494d9d723f966032c7da	MSV000078648
5b43675b663346c0a07eef159855181b	MSV000078646
b50937c9275643f6a9030c5ab6d5843d	MSV000078645
56e9ad1576954aebb7fb944cf28f03e9	MSV000078644
f3ecc207cb1c4e95a519923d3701fce8	MSV000078642
f276c873180a45d9a1a4ac4b86266a3e	MSV000078641
f32c3e0c2ab74b4aa24ae93a41dec11d	MSV000078638
fa667004e16c4aa7b6f8c6750c9ece18	MSV000078637
8c13b4c8de9645259fc81fa0caa96f0c	MSV000078636
bb8bede54aed41bea6a7be0856d659db	MSV000078635
30c1620baa044ffc8d74b79bd837207c	MSV000078634
b9cc0ae2f9ba4b97a49ee96c5db30617	MSV000078628
98734c7c626f423faab4b973f21b29c2	MSV000078627
ae355adcc30541979af0a795f1dcc1a5	MSV000078625
5555110db1364ec39d259d5ca5e06939	MSV000078623
118fc22f91c34b2a93881198e35e209f	MSV000078622
0f5bb7fb0f59499db933b4bf7179b1d5	MSV000078621
38d87cbfd8ed46de9803ab3688d6f68a	MSV000078620
4dfa94a483bd4639ac9a7c4ac1a639a8	MSV000078618
18bdf6798e7f4a169f8e143bcb6a7ef0	MSV000078617
7e3bba91f070439e8720959fef6fd47d	MSV000078616
551360502a574f8eb2fe5cbcadfb68b9	MSV000078615
a37a2e1639e54659a8581166df43f658	MSV000078612
77b2e4eb098a423c9d6cb5a0a720d0d8	MSV000078611
9429da08814e4c8a9c3852ca22ff4374	MSV000078608
13251ffad1e146f89df06be3cf38f894	MSV000078607
739815dbc5954b19abf2eed053e1541b	MSV000078606
660b69bd1c7149d58541e1c73dd48ec3	MSV000078604
e2c617f379f0467b8a84526b18606cd0	MSV000078603
3ff8ea603c5f4cc4b8d0e5b388733971	MSV000078602
17c1c75947ec4bba8f91e3c6d635a17f	MSV000078601
f01d8c8679bd495db0063b80809c88db	MSV000078598
ee417caff6ef4d7ca9ea7fda8689ec32	MSV000078597
efd51986767a442c82b37b1480a50874	MSV000078596
28dd35c8321c473ea7424ce25cb7c441	MSV000078595
581676691d9d443f92ba58f247c12384	MSV000078594
9abb243101ca4095b74ab7cac46110ee	MSV000078593
930d1720e96e4f77b22325b84a44ac52	MSV000078592
3326b31fa3e441dd82cf0f2a045bb3f0	MSV000078590
96c3245f848240e3ad4776dc3c701be0	MSV000078589
d52441250059455ca55f877ca7cbfd3a	MSV000078586
5dd14a92e9274f6488d5b20710a74a26	MSV000078584
201b017162394f819e4fa66effb36f82	MSV000078583
94a7570b45d24a59a58444bf2421794f	MSV000078581
b9879bb496ab4519a4cd026ef26b0124	MSV000078577
801d39466bd54dd593018b983f054942	MSV000078570
ac3d7ddabb0942b6a3466ed103d7aa16	MSV000078568
174fc0152374452f99c4194acd67b1f2	MSV000078567
8ff600c56fc746928d44096d24fb1b99	MSV000078566
89d69f2149cc4eee8ba53d0da02a5031	MSV000078565
6f96060276184349bac80c1c2a89ea6d	MSV000078561
6a469cf129c044cf9b4c7804bd690707	MSV000078557
e76ca013f06a4f4886eae7c37781c010	MSV000078556
9bb162b11dfb4673a68317d8bdc050ee	MSV000078552
53a44f2607574c55b26ad8a875969ea9	MSV000078551
ac9088068aa4493d98a3d07338975a90	MSV000078548
8d4909959818439a93810af2a6a059f3	MSV000078547
